{"cameraMode":{"drawMode":0,"name":"Shaded","section":"Shading Mode"},"sceneLighting":true,"audioPlay":false,"sceneViewState":{"showFog":true,"showMaterialUpdate":true,"showSkybox":true,"showFlares":true,"showImageEffects":true,"showParticleSystems":true},"in2DMode":false,"pivot":{"x":-61.86382293701172,"y":-29.92935562133789,"z":171.07879638671876},"rotation":{"x":0.18597884476184846,"y":-0.029323017224669458,"z":-0.0027230363339185716,"w":0.9837145805358887},"size":224.19723510742188,"orthographic":false}