{"cameraMode":{"drawMode":0,"name":"Shaded","section":"Shading Mode"},"sceneLighting":false,"audioPlay":false,"sceneViewState":{"showFog":true,"showMaterialUpdate":false,"showSkybox":false,"showFlares":true,"showImageEffects":true,"showParticleSystems":true},"in2DMode":false,"pivot":{"x":6.407499313354492e-7,"y":-0.04142570495605469,"z":-0.025971757248044015},"rotation":{"x":-0.07945350557565689,"y":0.9205403923988342,"z":-0.26850613951683047,"w":-0.2723959982395172},"size":8.484228134155274,"orthographic":false}