{"cameraMode":{"drawMode":0,"name":"Shaded","section":"Shading Mode"},"sceneLighting":false,"audioPlay":false,"sceneViewState":{"showFog":true,"showMaterialUpdate":false,"showSkybox":false,"showFlares":true,"showImageEffects":true,"showParticleSystems":true},"in2DMode":false,"pivot":{"x":-58.940101623535159,"y":-134.1707763671875,"z":-192.3563995361328},"rotation":{"x":-0.00936726201325655,"y":0.9391032457351685,"z":-0.3442128598690033,"w":-0.027240067720413209},"size":221.056884765625,"orthographic":false}