{"cameraMode":{"drawMode":0,"name":"Shaded","section":"Shading Mode"},"sceneLighting":false,"audioPlay":false,"sceneViewState":{"showFog":true,"showMaterialUpdate":false,"showSkybox":false,"showFlares":true,"showImageEffects":true,"showParticleSystems":true},"in2DMode":false,"pivot":{"x":-0.11329355090856552,"y":1.1062904596328736,"z":2.628002643585205},"rotation":{"x":-0.10971599817276001,"y":-0.22766555845737458,"z":0.02532183937728405,"w":-0.9674806594848633},"size":8.373736381530762,"orthographic":false}