{"cameraMode":{"drawMode":0,"name":"Shaded","section":"Shading Mode"},"sceneLighting":false,"audioPlay":false,"sceneViewState":{"showFog":true,"showMaterialUpdate":false,"showSkybox":false,"showFlares":true,"showImageEffects":true,"showParticleSystems":true},"in2DMode":false,"pivot":{"x":4.306550979614258,"y":-37.656044006347659,"z":18.148176193237306},"rotation":{"x":-0.39832186698913576,"y":-0.37228602170944216,"z":0.1803985834121704,"w":-0.8197465538978577},"size":95.49217224121094,"orthographic":false}