{"cameraMode":{"drawMode":0,"name":"Shaded","section":"Shading Mode"},"sceneLighting":true,"audioPlay":false,"sceneViewState":{"showFog":true,"showMaterialUpdate":true,"showSkybox":true,"showFlares":true,"showImageEffects":true,"showParticleSystems":true},"in2DMode":false,"pivot":{"x":52.14854431152344,"y":180.1657257080078,"z":70.74122619628906},"rotation":{"x":0.392631858587265,"y":-0.28017458319664,"z":0.12557847797870637,"w":0.8689324855804443},"size":42.57622146606445,"orthographic":false}