{"cameraMode":{"drawMode":0,"name":"Shaded","section":"Shading Mode"},"sceneLighting":true,"audioPlay":false,"sceneViewState":{"showFog":true,"showMaterialUpdate":false,"showSkybox":true,"showFlares":true,"showImageEffects":true,"showParticleSystems":true},"in2DMode":false,"pivot":{"x":10.878433227539063,"y":-142.05966186523438,"z":317.9233703613281},"rotation":{"x":-0.2160739153623581,"y":-0.0184911098331213,"z":0.003948673140257597,"w":-0.9762938618659973},"size":373.037353515625,"orthographic":false}