{"cameraMode":{"drawMode":0,"name":"Shaded","section":"Shading Mode"},"sceneLighting":false,"audioPlay":false,"sceneViewState":{"showFog":true,"showMaterialUpdate":false,"showSkybox":false,"showFlares":true,"showImageEffects":true,"showParticleSystems":true},"in2DMode":false,"pivot":{"x":3.6402595043182375,"y":-12.637187004089356,"z":83.95662689208985},"rotation":{"x":0.2266843318939209,"y":0.04444582760334015,"z":-0.009220412001013756,"w":0.9739723801612854},"size":95.1854476928711,"orthographic":false}