{"cameraMode":{"drawMode":0,"name":"Shaded","section":"Shading Mode"},"sceneLighting":false,"audioPlay":false,"sceneViewState":{"showFog":true,"showMaterialUpdate":false,"showSkybox":false,"showFlares":true,"showImageEffects":true,"showParticleSystems":true},"in2DMode":false,"pivot":{"x":-2.243522882461548,"y":3.027658700942993,"z":1.0390900373458863},"rotation":{"x":-0.08435995876789093,"y":0.8321910500526428,"z":-0.13263431191444398,"w":-0.5321397185325623},"size":15.820564270019532,"orthographic":false}