{"cameraMode":{"drawMode":0,"name":"Shaded","section":"Shading Mode"},"sceneLighting":false,"audioPlay":false,"sceneViewState":{"showFog":true,"showMaterialUpdate":false,"showSkybox":false,"showFlares":true,"showImageEffects":true,"showParticleSystems":true},"in2DMode":false,"pivot":{"x":0.4527010917663574,"y":9.169544219970704,"z":-87.73661041259766},"rotation":{"x":0.005167824681848288,"y":0.9799693822860718,"z":-0.1984453797340393,"w":0.02372308447957039},"size":35.4786376953125,"orthographic":false}