{"cameraMode":{"drawMode":0,"name":"Shaded","section":"Shading Mode"},"sceneLighting":false,"audioPlay":false,"sceneViewState":{"showFog":true,"showMaterialUpdate":false,"showSkybox":true,"showFlares":true,"showImageEffects":true,"showParticleSystems":true},"in2DMode":false,"pivot":{"x":80.1174545288086,"y":40.84443664550781,"z":22.122623443603517},"rotation":{"x":0.09120753407478333,"y":-0.898632287979126,"z":0.35761287808418276,"w":0.23996347188949586},"size":1.5437901020050049,"orthographic":false}