{"cameraMode":{"drawMode":0,"name":"Shaded","section":"Shading Mode"},"sceneLighting":true,"audioPlay":false,"sceneViewState":{"showFog":true,"showMaterialUpdate":true,"showSkybox":false,"showFlares":true,"showImageEffects":true,"showParticleSystems":true},"in2DMode":false,"pivot":{"x":131.64894104003907,"y":7.172703742980957,"z":-40.105873107910159},"rotation":{"x":-0.07922572642564774,"y":0.6824766993522644,"z":-0.07201679795980454,"w":-0.7247303128242493},"size":13.478424072265625,"orthographic":false}