{"cameraMode":{"drawMode":0,"name":"Shaded","section":"Shading Mode"},"sceneLighting":false,"audioPlay":false,"sceneViewState":{"showFog":true,"showMaterialUpdate":false,"showSkybox":false,"showFlares":true,"showImageEffects":true,"showParticleSystems":true},"in2DMode":false,"pivot":{"x":-4.062003135681152,"y":3.641848564147949,"z":-0.16179871559143067},"rotation":{"x":-0.013829539529979229,"y":0.9738654494285584,"z":-0.06328590959310532,"w":-0.21867786347866059},"size":27.018482208251954,"orthographic":false}