{"cameraMode":{"drawMode":0,"name":"Shaded","section":"Shading Mode"},"sceneLighting":false,"audioPlay":false,"sceneViewState":{"showFog":true,"showMaterialUpdate":true,"showSkybox":false,"showFlares":true,"showImageEffects":true,"showParticleSystems":true},"in2DMode":false,"pivot":{"x":-0.0335392951965332,"y":0.05686718970537186,"z":0.44694459438323977},"rotation":{"x":0.09498755633831024,"y":-0.9109192490577698,"z":0.31096982955932619,"w":0.2598026990890503},"size":15.753758430480957,"orthographic":false}