{"cameraMode":{"drawMode":0,"name":"Shaded","section":"Shading Mode"},"sceneLighting":false,"audioPlay":false,"sceneViewState":{"showFog":true,"showMaterialUpdate":false,"showSkybox":true,"showFlares":true,"showImageEffects":true,"showParticleSystems":true},"in2DMode":false,"pivot":{"x":82.29303741455078,"y":188.67689514160157,"z":-279.1507263183594},"rotation":{"x":0.24222157895565034,"y":-0.21411773562431336,"z":0.05673515424132347,"w":0.9457951784133911},"size":50.5675163269043,"orthographic":false}