{"cameraMode":{"drawMode":0,"name":"Shaded","section":"Shading Mode"},"sceneLighting":false,"audioPlay":false,"sceneViewState":{"showFog":true,"showMaterialUpdate":false,"showSkybox":false,"showFlares":true,"showImageEffects":true,"showParticleSystems":true},"in2DMode":false,"pivot":{"x":-117.60194396972656,"y":-17.09990692138672,"z":-117.18862915039063},"rotation":{"x":-0.06717222183942795,"y":0.9069803357124329,"z":-0.15994170308113099,"w":-0.38448667526245119},"size":83.86003112792969,"orthographic":false}