{"cameraMode":{"drawMode":0,"name":"Shaded","section":"Shading Mode"},"sceneLighting":true,"audioPlay":false,"sceneViewState":{"showFog":true,"showMaterialUpdate":true,"showSkybox":false,"showFlares":true,"showImageEffects":true,"showParticleSystems":true},"in2DMode":false,"pivot":{"x":25.388687133789064,"y":26.095932006835939,"z":-8.39694595336914},"rotation":{"x":-0.16140088438987733,"y":0.7271071076393127,"z":-0.17967374622821809,"w":-0.6445571184158325},"size":4.564576625823975,"orthographic":false}