{"cameraMode":{"drawMode":0,"name":"Shaded","section":"Shading Mode"},"sceneLighting":false,"audioPlay":false,"sceneViewState":{"showFog":true,"showMaterialUpdate":false,"showSkybox":true,"showFlares":true,"showImageEffects":true,"showParticleSystems":true},"in2DMode":false,"pivot":{"x":249.19378662109376,"y":106.456298828125,"z":191.82412719726563},"rotation":{"x":-0.0780983418226242,"y":0.9112621545791626,"z":-0.20047634840011598,"w":-0.35404539108276369},"size":53.05772018432617,"orthographic":false}