{"cameraMode":{"drawMode":0,"name":"Shaded","section":"Shading Mode"},"sceneLighting":false,"audioPlay":false,"sceneViewState":{"showFog":true,"showMaterialUpdate":false,"showSkybox":false,"showFlares":true,"showImageEffects":true,"showParticleSystems":true},"in2DMode":false,"pivot":{"x":-6.602928638458252,"y":1.17689847946167,"z":-42.061824798583987},"rotation":{"x":-0.11450041085481644,"y":-0.7259634733200073,"z":0.12443440407514572,"w":-0.6675202250480652},"size":9.621070861816407,"orthographic":false}