{"cameraMode":{"drawMode":0,"name":"Shaded","section":"Shading Mode"},"sceneLighting":false,"audioPlay":false,"sceneViewState":{"showFog":true,"showMaterialUpdate":false,"showSkybox":true,"showFlares":true,"showImageEffects":true,"showParticleSystems":true},"in2DMode":false,"pivot":{"x":-48.65640640258789,"y":37.157684326171878,"z":39.66542053222656},"rotation":{"x":-0.2764768600463867,"y":-0.6885203123092651,"z":0.3246866464614868,"w":-0.5881774425506592},"size":22.989999771118165,"orthographic":false}