{"cameraMode":{"drawMode":0,"name":"Shaded","section":"Shading Mode"},"sceneLighting":true,"audioPlay":false,"sceneViewState":{"showFog":true,"showMaterialUpdate":false,"showSkybox":true,"showFlares":true,"showImageEffects":true,"showParticleSystems":true},"in2DMode":false,"pivot":{"x":4.076022624969482,"y":-73.90573120117188,"z":-131.53236389160157},"rotation":{"x":-0.067786805331707,"y":-0.895409107208252,"z":0.41868826746940615,"w":-0.13995207846164704},"size":132.27430725097657,"orthographic":false}