{"cameraMode":{"drawMode":0,"name":"Shaded","section":"Shading Mode"},"sceneLighting":false,"audioPlay":false,"sceneViewState":{"showFog":true,"showMaterialUpdate":false,"showSkybox":false,"showFlares":true,"showImageEffects":true,"showParticleSystems":true},"in2DMode":false,"pivot":{"x":-25.209932327270509,"y":-3.383098602294922,"z":194.44720458984376},"rotation":{"x":0.2173861712217331,"y":0.23843124508857728,"z":-0.05373649299144745,"w":0.945993959903717},"size":75.73426055908203,"orthographic":false}