{"cameraMode":{"drawMode":0,"name":"Shaded","section":"Shading Mode"},"sceneLighting":false,"audioPlay":false,"sceneViewState":{"showFog":true,"showMaterialUpdate":false,"showSkybox":false,"showFlares":true,"showImageEffects":true,"showParticleSystems":true},"in2DMode":false,"pivot":{"x":0.3605901002883911,"y":1.4040096998214722,"z":12.957083702087403},"rotation":{"x":-0.05753070488572121,"y":0.19926421344280244,"z":-0.01210096012800932,"w":-0.9784001111984253},"size":19.84295654296875,"orthographic":false}