{"cameraMode":{"drawMode":0,"name":"Shaded","section":"Shading Mode"},"sceneLighting":true,"audioPlay":false,"sceneViewState":{"showFog":true,"showMaterialUpdate":true,"showSkybox":false,"showFlares":true,"showImageEffects":true,"showParticleSystems":true},"in2DMode":false,"pivot":{"x":-101.15140533447266,"y":-4.0064191818237309,"z":-1.990963339805603},"rotation":{"x":-0.1681928187608719,"y":-0.7667356133460999,"z":0.2264871597290039,"w":-0.5787879824638367},"size":30.426816940307618,"orthographic":false}