{"cameraMode":{"drawMode":0,"name":"Shaded","section":"Shading Mode"},"sceneLighting":false,"audioPlay":false,"sceneViewState":{"showFog":true,"showMaterialUpdate":false,"showSkybox":false,"showFlares":true,"showImageEffects":true,"showParticleSystems":true},"in2DMode":false,"pivot":{"x":2.384185791015625e-7,"y":2.8453617095947267,"z":7.152557373046875e-7},"rotation":{"x":-0.08435995876789093,"y":0.8321910500526428,"z":-0.13263431191444398,"w":-0.5321397185325623},"size":15.820564270019532,"orthographic":false}