{"cameraMode":{"drawMode":0,"name":"Shaded","section":"Shading Mode"},"sceneLighting":false,"audioPlay":false,"sceneViewState":{"showFog":true,"showMaterialUpdate":false,"showSkybox":false,"showFlares":true,"showImageEffects":true,"showParticleSystems":true},"in2DMode":false,"pivot":{"x":-0.6531990170478821,"y":0.9117225408554077,"z":-0.28435859084129336},"rotation":{"x":-0.03870607540011406,"y":0.926780641078949,"z":-0.10096139460802078,"w":-0.36043694615364077},"size":2.624924421310425,"orthographic":false}