{"cameraMode":{"drawMode":0,"name":"Shaded","section":"Shading Mode"},"sceneLighting":false,"audioPlay":false,"sceneViewState":{"showFog":true,"showMaterialUpdate":true,"showSkybox":true,"showFlares":true,"showImageEffects":true,"showParticleSystems":true},"in2DMode":false,"pivot":{"x":-258.1794738769531,"y":18.967098236083986,"z":85.28500366210938},"rotation":{"x":-0.09775589406490326,"y":0.3226516544818878,"z":-0.03570433706045151,"w":-0.9419844746589661},"size":50.5675163269043,"orthographic":false}