{"cameraMode":{"drawMode":0,"name":"Shaded","section":"Shading Mode"},"sceneLighting":false,"audioPlay":false,"sceneViewState":{"showFog":true,"showMaterialUpdate":false,"showSkybox":false,"showFlares":true,"showImageEffects":true,"showParticleSystems":true},"in2DMode":false,"pivot":{"x":2.384185791015625e-7,"y":3.1298975944519045,"z":7.152557373046875e-7},"rotation":{"x":0.022849557921290399,"y":0.9549083709716797,"z":-0.07483676820993424,"w":0.2871582806110382},"size":17.656232833862306,"orthographic":false}