{"cameraMode":{"drawMode":0,"name":"Shaded","section":"Shading Mode"},"sceneLighting":true,"audioPlay":false,"sceneViewState":{"showFog":true,"showMaterialUpdate":false,"showSkybox":false,"showFlares":true,"showImageEffects":true,"showParticleSystems":true},"in2DMode":false,"pivot":{"x":14.631659507751465,"y":6.105354309082031,"z":-92.56072235107422},"rotation":{"x":0.0797218456864357,"y":0.7296761274337769,"z":-0.08571964502334595,"w":0.6739635467529297},"size":35.4786376953125,"orthographic":false}