{"cameraMode":{"drawMode":0,"name":"Shaded","section":"Shading Mode"},"sceneLighting":true,"audioPlay":false,"sceneViewState":{"showFog":true,"showMaterialUpdate":false,"showSkybox":true,"showFlares":true,"showImageEffects":true,"showParticleSystems":true},"in2DMode":false,"pivot":{"x":-33.261531829833987,"y":38.06106948852539,"z":57.83723449707031},"rotation":{"x":-0.11054385453462601,"y":-0.8778361678123474,"z":0.4015122354030609,"w":-0.23865772783756257},"size":95.49217224121094,"orthographic":false}