{"cameraMode":{"drawMode":0,"name":"Shaded","section":"Shading Mode"},"sceneLighting":false,"audioPlay":false,"sceneViewState":{"showFog":true,"showMaterialUpdate":false,"showSkybox":false,"showFlares":true,"showImageEffects":true,"showParticleSystems":true},"in2DMode":false,"pivot":{"x":-112.4597396850586,"y":-22.80226707458496,"z":-35.56676483154297},"rotation":{"x":-0.23540513217449189,"y":0.2290339320898056,"z":-0.05798102170228958,"w":-0.9430459141731262},"size":95.69823455810547,"orthographic":false}