{"cameraMode":{"drawMode":0,"name":"Shaded","section":"Shading Mode"},"sceneLighting":false,"audioPlay":false,"sceneViewState":{"showFog":true,"showMaterialUpdate":false,"showSkybox":false,"showFlares":true,"showImageEffects":true,"showParticleSystems":true},"in2DMode":false,"pivot":{"x":-60.72380447387695,"y":5.37837028503418,"z":-63.274925231933597},"rotation":{"x":0.00008183486352209002,"y":0.9574905037879944,"z":-0.29023364186286929,"w":-0.003535846946761012},"size":48.80409240722656,"orthographic":false}