{"cameraMode":{"drawMode":0,"name":"Shaded","section":"Shading Mode"},"sceneLighting":true,"audioPlay":false,"sceneViewState":{"showFog":true,"showMaterialUpdate":true,"showSkybox":true,"showFlares":true,"showImageEffects":true,"showParticleSystems":true},"in2DMode":false,"pivot":{"x":-4.923187732696533,"y":32.179622650146487,"z":-75.49121856689453},"rotation":{"x":0.15828773379325868,"y":-0.0124704260379076,"z":-0.004512612242251635,"w":0.9890823364257813},"size":42.57622146606445,"orthographic":false}