{"cameraMode":{"drawMode":0,"name":"Shaded","section":"Shading Mode"},"sceneLighting":false,"audioPlay":false,"sceneViewState":{"showFog":true,"showMaterialUpdate":false,"showSkybox":false,"showFlares":true,"showImageEffects":true,"showParticleSystems":true},"in2DMode":false,"pivot":{"x":-3.4133009910583498,"y":2.2700564861297609,"z":1.798546552658081},"rotation":{"x":-0.22743047773838044,"y":0.05679628625512123,"z":-0.0136669697239995,"w":-0.9722577929496765},"size":15.820564270019532,"orthographic":false}