{"cameraMode":{"drawMode":0,"name":"Shaded","section":"Shading Mode"},"sceneLighting":false,"audioPlay":false,"sceneViewState":{"showFog":true,"showMaterialUpdate":false,"showSkybox":false,"showFlares":true,"showImageEffects":true,"showParticleSystems":true},"in2DMode":false,"pivot":{"x":14.1890869140625,"y":0.05000044405460358,"z":-47.58018493652344},"rotation":{"x":-0.03778582438826561,"y":-0.6957628726959229,"z":0.036904677748680118,"w":-0.7171421647071838},"size":4.185384750366211,"orthographic":false}