{"cameraMode":{"drawMode":0,"name":"Shaded","section":"Shading Mode"},"sceneLighting":true,"audioPlay":false,"sceneViewState":{"showFog":true,"showMaterialUpdate":true,"showSkybox":true,"showFlares":true,"showImageEffects":true,"showParticleSystems":true},"in2DMode":false,"pivot":{"x":-29.348003387451173,"y":24.07210922241211,"z":-73.67863464355469},"rotation":{"x":-0.31217584013938906,"y":-0.11827442795038223,"z":0.04764500632882118,"w":-0.9433077573776245},"size":79.35456085205078,"orthographic":false}