{"cameraMode":{"drawMode":0,"name":"Shaded","section":"Shading Mode"},"sceneLighting":true,"audioPlay":false,"sceneViewState":{"showFog":true,"showMaterialUpdate":false,"showSkybox":true,"showFlares":true,"showImageEffects":true,"showParticleSystems":true},"in2DMode":false,"pivot":{"x":1461.158935546875,"y":-484.72857666015627,"z":12.348556518554688},"rotation":{"x":-0.12220427393913269,"y":-0.6802847981452942,"z":0.11687326431274414,"w":-0.7139952182769775},"size":1864.5313720703125,"orthographic":false}