{"cameraMode":{"drawMode":0,"name":"Shaded","section":"Shading Mode"},"sceneLighting":false,"audioPlay":false,"sceneViewState":{"showFog":true,"showMaterialUpdate":false,"showSkybox":false,"showFlares":true,"showImageEffects":true,"showParticleSystems":true},"in2DMode":false,"pivot":{"x":0.8695348501205444,"y":-0.18031644821166993,"z":0.8470737338066101},"rotation":{"x":-0.21040011942386628,"y":-0.2506362795829773,"z":0.055521443486213687,"w":-0.9435336589813232},"size":17.656232833862306,"orthographic":false}