{"cameraMode":{"drawMode":0,"name":"Shaded","section":"Shading Mode"},"sceneLighting":false,"audioPlay":false,"sceneViewState":{"showFog":true,"showMaterialUpdate":false,"showSkybox":true,"showFlares":true,"showImageEffects":true,"showParticleSystems":true},"in2DMode":false,"pivot":{"x":-143.96218872070313,"y":81.45808410644531,"z":17.266969680786134},"rotation":{"x":-0.1979934573173523,"y":-0.6518822908401489,"z":0.18214331567287446,"w":-0.7103131413459778},"size":22.0,"orthographic":false}