{"cameraMode":{"drawMode":0,"name":"Shaded","section":"Shading Mode"},"sceneLighting":false,"audioPlay":false,"sceneViewState":{"showFog":true,"showMaterialUpdate":false,"showSkybox":false,"showFlares":true,"showImageEffects":true,"showParticleSystems":true},"in2DMode":false,"pivot":{"x":5.965216159820557,"y":2.160327911376953,"z":-36.928009033203128},"rotation":{"x":0.18548431992530824,"y":0.42444363236427309,"z":-0.08951187878847122,"w":0.8824025988578796},"size":9.944015502929688,"orthographic":false}