{"cameraMode":{"drawMode":0,"name":"Shaded","section":"Shading Mode"},"sceneLighting":false,"audioPlay":false,"sceneViewState":{"showFog":true,"showMaterialUpdate":false,"showSkybox":false,"showFlares":true,"showImageEffects":true,"showParticleSystems":true},"in2DMode":false,"pivot":{"x":-5.539985656738281,"y":0.08334064483642578,"z":-43.2220458984375},"rotation":{"x":-0.1444387584924698,"y":-0.6885828375816345,"z":0.14266276359558106,"w":-0.6970217823982239},"size":9.621070861816407,"orthographic":false}