{"cameraMode":{"drawMode":0,"name":"Shaded","section":"Shading Mode"},"sceneLighting":false,"audioPlay":false,"sceneViewState":{"showFog":true,"showMaterialUpdate":false,"showSkybox":false,"showFlares":true,"showImageEffects":true,"showParticleSystems":true},"in2DMode":false,"pivot":{"x":3.6655960083007814,"y":2.6591956615448,"z":-4.18315315246582},"rotation":{"x":0.006154454778879881,"y":0.9943689703941345,"z":-0.07950513809919357,"w":0.07283306121826172},"size":18.985511779785158,"orthographic":false}