{"cameraMode":{"drawMode":0,"name":"Shaded","section":"Shading Mode"},"sceneLighting":false,"audioPlay":false,"sceneViewState":{"showFog":true,"showMaterialUpdate":false,"showSkybox":false,"showFlares":true,"showImageEffects":true,"showParticleSystems":true},"in2DMode":false,"pivot":{"x":-3.7795798778533937,"y":-10.295805931091309,"z":-85.57539367675781},"rotation":{"x":-0.005007111467421055,"y":-0.9832392334938049,"z":0.18226785957813264,"w":-0.023736348375678064},"size":56.95653533935547,"orthographic":false}