{"cameraMode":{"drawMode":0,"name":"Shaded","section":"Shading Mode"},"sceneLighting":false,"audioPlay":false,"sceneViewState":{"showFog":true,"showMaterialUpdate":false,"showSkybox":false,"showFlares":true,"showImageEffects":true,"showParticleSystems":true},"in2DMode":false,"pivot":{"x":-1.6795374155044556,"y":2.1800594329833986,"z":0.953245997428894},"rotation":{"x":0.4505990445613861,"y":0.025355659425258638,"z":-0.012043104507029057,"w":0.8933772444725037},"size":3.4882075786590578,"orthographic":false}