{"cameraMode":{"drawMode":0,"name":"Shaded","section":"Shading Mode"},"sceneLighting":false,"audioPlay":false,"sceneViewState":{"showFog":true,"showMaterialUpdate":false,"showSkybox":false,"showFlares":true,"showImageEffects":true,"showParticleSystems":true},"in2DMode":false,"pivot":{"x":2.1871755123138429,"y":-11.946961402893067,"z":-37.1513557434082},"rotation":{"x":0.33433300256729128,"y":0.00964491255581379,"z":-0.0026144206058233978,"w":0.9426975250244141},"size":56.95653533935547,"orthographic":false}