{"cameraMode":{"drawMode":0,"name":"Shaded","section":"Shading Mode"},"sceneLighting":false,"audioPlay":false,"sceneViewState":{"showFog":true,"showMaterialUpdate":false,"showSkybox":false,"showFlares":true,"showImageEffects":true,"showParticleSystems":true},"in2DMode":false,"pivot":{"x":6.1505327224731449,"y":2.2764928340911867,"z":-40.08586120605469},"rotation":{"x":0.17216458916664124,"y":0.6525285840034485,"z":-0.155976340174675,"w":0.7221086621284485},"size":9.944015502929688,"orthographic":false}