{"cameraMode":{"drawMode":0,"name":"Shaded","section":"Shading Mode"},"sceneLighting":false,"audioPlay":false,"sceneViewState":{"showFog":true,"showMaterialUpdate":false,"showSkybox":false,"showFlares":true,"showImageEffects":true,"showParticleSystems":true},"in2DMode":false,"pivot":{"x":-7.312592506408691,"y":1.8464398384094239,"z":-2.3650200366973879},"rotation":{"x":-0.013829539529979229,"y":0.9738654494285584,"z":-0.06328590959310532,"w":-0.21867786347866059},"size":18.555795669555665,"orthographic":false}