{"cameraMode":{"drawMode":0,"name":"Shaded","section":"Shading Mode"},"sceneLighting":true,"audioPlay":false,"sceneViewState":{"showFog":true,"showMaterialUpdate":true,"showSkybox":true,"showFlares":true,"showImageEffects":true,"showParticleSystems":true},"in2DMode":false,"pivot":{"x":95.47989654541016,"y":-6.06733512878418,"z":-94.19123840332031},"rotation":{"x":0.05335894227027893,"y":0.8744356632232666,"z":-0.11719325184822083,"w":0.47153180837631228},"size":79.35456085205078,"orthographic":false}