{"cameraMode":{"drawMode":0,"name":"Shaded","section":"Shading Mode"},"sceneLighting":true,"audioPlay":false,"sceneViewState":{"showFog":true,"showMaterialUpdate":false,"showSkybox":false,"showFlares":true,"showImageEffects":true,"showParticleSystems":true},"in2DMode":false,"pivot":{"x":7.564611911773682,"y":12.146608352661133,"z":21.0511474609375},"rotation":{"x":0.09054157882928848,"y":0.03929729759693146,"z":-0.003078034846112132,"w":0.9961601495742798},"size":95.1854476928711,"orthographic":false}