{"cameraMode":{"drawMode":0,"name":"Shaded","section":"Shading Mode"},"sceneLighting":false,"audioPlay":false,"sceneViewState":{"showFog":true,"showMaterialUpdate":false,"showSkybox":false,"showFlares":true,"showImageEffects":true,"showParticleSystems":true},"in2DMode":false,"pivot":{"x":23.880970001220704,"y":10.042779922485352,"z":-55.441253662109378},"rotation":{"x":-0.052391812205314639,"y":0.8056434988975525,"z":-0.07344689220190048,"w":-0.5860411524772644},"size":16.6755313873291,"orthographic":false}