{"cameraMode":{"drawMode":0,"name":"Shaded","section":"Shading Mode"},"sceneLighting":false,"audioPlay":false,"sceneViewState":{"showFog":true,"showMaterialUpdate":false,"showSkybox":false,"showFlares":true,"showImageEffects":true,"showParticleSystems":true},"in2DMode":false,"pivot":{"x":0.0249309241771698,"y":0.3435644805431366,"z":1.4901161193847657e-8},"rotation":{"x":-0.31100043654441836,"y":-0.05642124265432358,"z":0.01848730817437172,"w":-0.9485955238342285},"size":1.6250628232955933,"orthographic":false}