{"cameraMode":{"drawMode":0,"name":"Shaded","section":"Shading Mode"},"sceneLighting":false,"audioPlay":false,"sceneViewState":{"showFog":true,"showMaterialUpdate":false,"showSkybox":false,"showFlares":true,"showImageEffects":true,"showParticleSystems":true},"in2DMode":false,"pivot":{"x":21.904748916625978,"y":-9.115145683288575,"z":-86.76294708251953},"rotation":{"x":0.26033148169517519,"y":0.38717344403266909,"z":-0.11445638537406922,"w":0.8772532939910889},"size":35.4786376953125,"orthographic":false}