{"cameraMode":{"drawMode":0,"name":"Shaded","section":"Shading Mode"},"sceneLighting":true,"audioPlay":false,"sceneViewState":{"showFog":true,"showMaterialUpdate":false,"showSkybox":false,"showFlares":true,"showImageEffects":true,"showParticleSystems":true},"in2DMode":false,"pivot":{"x":-15.870314598083496,"y":15.440777778625489,"z":-90.86131286621094},"rotation":{"x":0.0487116239964962,"y":0.9289324283599854,"z":-0.1305903047323227,"w":0.34353578090667727},"size":35.4786376953125,"orthographic":false}