{"cameraMode":{"drawMode":0,"name":"Shaded","section":"Shading Mode"},"sceneLighting":false,"audioPlay":false,"sceneViewState":{"showFog":true,"showMaterialUpdate":false,"showSkybox":false,"showFlares":true,"showImageEffects":true,"showParticleSystems":true},"in2DMode":false,"pivot":{"x":4.652598857879639,"y":0.362905889749527,"z":-58.864341735839847},"rotation":{"x":-0.10491945594549179,"y":0.8401129245758057,"z":-0.17715579271316529,"w":-0.502450168132782},"size":16.6755313873291,"orthographic":false}