{"cameraMode":{"drawMode":0,"name":"Shaded","section":"Shading Mode"},"sceneLighting":true,"audioPlay":false,"sceneViewState":{"showFog":true,"showMaterialUpdate":false,"showSkybox":false,"showFlares":true,"showImageEffects":true,"showParticleSystems":true},"in2DMode":false,"pivot":{"x":-51.00401306152344,"y":-74.95713806152344,"z":553.4328002929688},"rotation":{"x":-0.07163365185260773,"y":0.056609224528074267,"z":-0.004073779098689556,"w":-0.9958288073539734},"size":600.1556396484375,"orthographic":false}