{"cameraMode":{"drawMode":0,"name":"Shaded","section":"Shading Mode"},"sceneLighting":true,"audioPlay":false,"sceneViewState":{"showFog":true,"showMaterialUpdate":true,"showSkybox":true,"showFlares":true,"showImageEffects":true,"showParticleSystems":true},"in2DMode":false,"pivot":{"x":-6.544710636138916,"y":98.65904998779297,"z":121.19137573242188},"rotation":{"x":-0.05325869098305702,"y":-0.9417533278465271,"z":0.2834148108959198,"w":-0.17716185748577119},"size":2.8578836917877199,"orthographic":false}