{"cameraMode":{"drawMode":0,"name":"Shaded","section":"Shading Mode"},"sceneLighting":true,"audioPlay":false,"sceneViewState":{"showFog":true,"showMaterialUpdate":false,"showSkybox":false,"showFlares":true,"showImageEffects":true,"showParticleSystems":true},"in2DMode":false,"pivot":{"x":-33.8773193359375,"y":2.3909661769866945,"z":-117.8601303100586},"rotation":{"x":0.06686253845691681,"y":-0.8387211561203003,"z":0.10619499534368515,"w":0.5300787091255188},"size":79.35453796386719,"orthographic":false}