{"cameraMode":{"drawMode":0,"name":"Shaded","section":"Shading Mode"},"sceneLighting":true,"audioPlay":false,"sceneViewState":{"showFog":true,"showMaterialUpdate":false,"showSkybox":false,"showFlares":true,"showImageEffects":true,"showParticleSystems":true},"in2DMode":false,"pivot":{"x":17.754009246826173,"y":14.54692268371582,"z":-31.021224975585939},"rotation":{"x":-0.027043500915169717,"y":0.09810518473386765,"z":0.0028092460706830026,"w":0.9949166774749756},"size":79.35453796386719,"orthographic":false}