{"cameraMode":{"drawMode":0,"name":"Shaded","section":"Shading Mode"},"sceneLighting":true,"audioPlay":false,"sceneViewState":{"showFog":true,"showMaterialUpdate":true,"showSkybox":true,"showFlares":true,"showImageEffects":true,"showParticleSystems":true},"in2DMode":false,"pivot":{"x":-78.26295471191406,"y":16.90236473083496,"z":-23.726594924926759},"rotation":{"x":0.17539142072200776,"y":0.12847627699375153,"z":-0.0273062102496624,"w":0.9762303233146668},"size":4.0,"orthographic":false}