{"cameraMode":{"drawMode":0,"name":"Shaded","section":"Shading Mode"},"sceneLighting":true,"audioPlay":false,"sceneViewState":{"showFog":true,"showMaterialUpdate":false,"showSkybox":false,"showFlares":true,"showImageEffects":true,"showParticleSystems":true},"in2DMode":false,"pivot":{"x":-73.6021728515625,"y":17.49030303955078,"z":-248.6021728515625},"rotation":{"x":0.1673240214586258,"y":0.6597745418548584,"z":-0.15389324724674226,"w":0.716415286064148},"size":121.31006622314453,"orthographic":false}